"","year","mean_age","mean_length","mean_weight"
"1",2010,10.4,38.75,0.5734375
"2",2011,10.2173913043478,37.5217391304348,0.552608695652174
"3",2012,9.1578947368421,48.6842105263158,0.461285263157895
"4",2013,10.1764705882353,42.2777777777778,0.564444444444444
"5",2014,8.7,38.3,0.4495
